NumFeature_0,CatFeature_1,NumFeature_2,CatFeature_3,NumFeature_4,CatFeature_5,NumFeature_6,CatFeature_7,NumFeature_8,CatFeature_9,NumFeature_10,CatFeature_11,NumFeature_12,CatFeature_13,NumFeature_14,Promotion,Gender
55.87,1,84.12,0,81.45,2,53.88,0,39.35,0,57.19,1,61.17,1,40.58,0,1
67.37,2,42.64,0,45.18,2,43.03,2,52.81,2,72.08,1,19.53,0,38.65,1,1
47.76,2,40.03,0,52.69,0,38.83,2,25.31,0,50.43,1,49.21,2,47.1,0,0
48.72,0,39.85,1,47.15,1,61.66,1,40.82,1,55.09,1,16.33,0,39.89,0,0
68.0,0,63.34,1,59.48,2,43.71,1,68.95,2,43.32,1,70.78,2,38.43,0,0
57.14,0,48.56,2,48.33,1,66.68,2,27.55,1,58.1,0,66.38,1,30.59,1,0
50.13,0,36.19,2,69.49,1,63.55,1,52.14,2,49.72,0,59.52,2,38.66,0,0
55.41,1,61.56,2,11.79,2,44.85,2,89.5,0,73.29,0,65.5,2,59.5,1,0
43.27,2,32.03,2,48.75,2,54.41,1,71.08,2,33.21,2,30.48,1,55.96,0,1
58.08,0,55.48,0,67.72,2,54.6,1,57.8,1,42.99,2,72.34,0,45.61,1,1
67.02,2,17.1,2,39.03,1,48.41,0,56.21,1,66.1,1,52.12,1,32.61,0,1
57.03,2,38.0,0,66.29,0,27.28,0,40.59,1,54.33,1,63.67,2,71.41,0,0
52.77,2,76.48,2,72.4,2,60.71,0,47.74,2,42.53,1,50.77,2,45.94,1,1
39.12,0,44.2,0,40.77,2,60.88,1,65.08,2,68.92,2,62.65,2,42.46,1,0
82.88,0,51.76,0,41.77,0,79.62,1,63.68,2,76.31,2,52.45,2,48.85,1,1
76.78,2,23.78,1,27.18,1,12.78,2,41.8,1,51.66,1,35.04,2,33.87,0,0
57.98,2,31.47,2,37.95,0,81.73,1,51.53,2,40.57,1,90.56,2,67.51,0,0
57.58,1,31.46,0,54.69,1,61.7,2,49.53,1,45.11,0,22.21,0,59.5,0,0
47.88,2,32.46,0,52.92,1,46.91,2,61.52,2,53.45,0,31.71,1,80.75,1,0
59.98,2,25.07,2,35.24,1,51.44,0,40.5,2,43.8,2,19.93,1,36.3,1,0
64.86,0,33.94,0,46.21,2,33.6,0,55.81,1,56.37,0,57.14,2,54.74,1,1
62.28,2,62.94,0,53.72,0,67.68,2,51.08,1,34.85,2,86.19,2,52.8,0,1
55.18,1,36.38,2,5.27,1,59.69,2,58.52,2,46.03,2,71.99,1,30.77,1,0
50.61,2,41.05,1,64.73,1,39.99,0,52.96,2,39.33,1,44.87,1,23.58,0,1
71.35,1,53.61,2,40.24,0,36.78,1,62.67,0,69.85,2,63.19,1,32.66,0,0
54.17,1,32.35,2,59.29,0,42.68,1,84.3,2,52.28,1,64.75,1,56.74,0,1
49.06,1,44.27,0,32.86,2,59.17,2,37.36,1,45.91,1,48.59,0,51.09,0,1
25.62,0,57.74,2,77.29,2,58.98,0,62.01,2,52.36,2,43.19,1,52.04,1,0
74.88,0,71.45,0,57.02,0,56.93,0,55.53,1,67.36,0,43.3,0,83.17,0,0
41.84,1,43.23,0,60.59,0,35.15,0,36.94,0,52.03,2,21.5,1,36.76,1,1
49.06,0,35.69,1,53.77,1,66.23,1,46.95,2,62.71,0,66.45,2,24.26,1,0
43.76,0,39.53,1,43.68,0,48.55,1,87.86,1,49.62,0,66.39,0,56.76,0,0
61.17,1,24.58,0,56.58,0,26.13,1,69.69,2,44.93,0,42.59,0,51.68,0,1
22.67,2,33.59,2,46.36,1,61.0,2,64.79,0,69.69,1,55.22,0,64.17,0,0
43.27,2,73.31,0,19.49,1,38.62,1,70.66,0,64.41,1,69.33,0,41.81,0,0
48.92,1,40.99,2,18.48,1,72.13,0,60.55,1,85.27,1,44.98,2,55.12,0,0
53.38,0,57.35,0,43.23,2,73.55,2,58.63,2,67.96,0,73.8,2,58.13,1,0
33.87,2,-4.29,0,50.1,2,34.36,1,36.33,1,59.29,0,68.98,0,49.64,1,0
39.31,0,31.05,2,14.01,0,77.32,1,53.14,0,34.5,0,42.26,0,67.18,0,1
44.28,0,44.32,1,41.59,0,22.82,1,27.58,1,52.26,2,35.05,0,48.86,0,0
65.08,0,48.05,2,42.9,0,81.8,0,34.72,0,50.22,2,24.04,2,53.8,0,1
79.14,0,41.28,0,58.24,1,39.22,1,21.57,1,66.92,1,47.73,1,46.56,0,0
65.72,0,53.83,1,43.75,0,71.77,2,33.72,2,50.52,1,47.88,0,26.53,0,0
33.25,2,77.16,0,21.58,0,53.92,2,58.04,0,45.45,0,35.84,1,24.16,0,1
53.23,0,54.41,1,53.28,0,47.3,0,30.75,1,29.4,0,69.39,2,75.88,0,0
55.05,0,45.45,0,54.02,2,67.41,2,78.94,2,38.27,2,39.35,1,61.75,1,0
46.73,2,59.42,2,35.43,0,58.04,2,66.04,0,56.8,1,51.02,1,56.47,1,1
62.41,2,52.01,1,59.35,1,29.49,2,57.29,2,57.31,1,47.15,1,18.46,0,0
62.42,1,49.33,1,57.31,0,65.88,2,34.44,1,66.69,2,39.03,2,70.42,0,1
78.34,2,32.92,2,77.89,0,57.74,0,61.75,0,69.04,0,39.52,1,42.16,1,0
75.76,1,61.68,1,27.98,0,71.43,2,67.55,0,47.35,2,78.31,0,43.12,1,1
47.37,1,53.94,0,53.68,0,45.36,1,42.32,2,48.32,0,57.22,0,55.36,0,1
34.18,2,53.49,1,27.95,1,32.3,1,55.16,0,48.04,1,62.24,2,54.88,1,0
66.25,0,74.61,1,25.67,2,57.11,2,44.62,0,48.25,2,74.88,2,40.91,1,1
55.2,2,70.19,1,52.68,0,37.58,2,33.36,0,61.64,0,56.17,2,58.22,1,1
54.37,2,43.63,1,69.62,2,37.81,2,51.33,2,59.21,1,61.31,2,63.0,1,1
49.6,0,52.85,1,39.47,2,39.53,2,61.79,2,33.39,2,20.83,0,50.86,1,1
37.49,1,15.75,0,45.01,0,34.13,2,63.49,1,39.55,2,55.34,1,49.51,1,0
63.5,0,49.17,0,44.11,2,31.84,0,59.6,0,33.09,1,28.55,2,45.45,1,1
43.56,2,46.65,1,36.82,0,42.43,2,48.75,1,70.02,1,71.5,2,52.01,1,0
54.09,2,55.76,1,51.89,2,50.62,2,69.97,0,48.16,0,60.87,2,64.03,1,0
51.14,1,64.28,1,48.36,1,30.54,1,49.6,0,68.55,0,78.77,1,58.04,0,0
38.41,1,30.52,2,58.12,2,41.62,1,20.66,1,92.29,2,60.48,1,79.44,1,1
37.03,2,64.8,1,89.35,2,65.09,0,34.48,0,65.92,0,72.64,0,34.96,0,0
81.79,2,71.92,0,27.71,0,57.21,1,48.63,1,60.94,2,38.08,1,71.16,1,0
30.03,0,19.18,1,28.9,0,55.33,2,55.73,2,38.39,0,44.03,1,52.91,1,0
33.1,2,57.2,2,44.0,2,52.24,0,34.02,1,72.38,1,72.63,2,32.97,1,0
54.65,0,60.91,1,26.18,0,57.85,1,71.61,2,63.41,2,38.14,0,25.12,1,0
33.71,0,43.47,1,80.28,1,65.5,0,60.16,1,61.02,2,40.8,0,55.09,1,1
49.41,2,23.64,1,81.61,1,54.74,2,58.2,0,48.87,0,42.99,1,16.12,0,1
53.47,2,61.52,1,62.64,1,31.53,0,23.79,2,67.93,1,33.57,1,36.39,1,0
56.01,0,45.81,2,55.89,0,62.23,0,60.57,0,33.75,1,48.01,1,26.4,1,0
57.94,1,29.35,1,42.29,2,69.41,2,26.11,0,67.08,1,67.05,0,58.4,0,0
38.92,0,51.29,0,45.36,0,36.67,2,52.21,0,41.94,2,71.36,1,53.71,1,0
36.48,2,70.37,1,52.7,2,41.15,2,56.42,0,32.93,0,39.12,1,59.4,1,1
41.7,2,57.12,0,49.68,1,60.43,2,42.56,0,15.21,2,46.25,0,68.71,1,0
51.4,1,37.03,2,46.54,0,50.54,2,11.54,1,42.31,2,71.43,2,51.57,1,1
59.75,1,50.56,1,49.16,0,51.68,1,67.44,0,26.92,2,56.15,1,38.56,1,1
56.9,2,67.14,1,33.67,1,18.49,2,67.18,2,58.75,0,65.96,0,37.87,0,1
48.23,2,48.42,2,68.01,2,27.44,0,57.92,0,61.03,1,50.02,1,48.5,1,1
55.62,2,47.85,0,60.19,0,54.91,0,42.68,2,29.31,1,34.78,1,13.38,0,0
58.59,1,46.55,2,53.69,1,56.72,2,67.67,1,36.97,0,46.28,1,46.73,0,0
58.89,1,102.71,0,49.25,0,58.58,0,25.5,0,33.98,0,37.83,1,81.77,1,0
43.81,0,58.55,0,36.7,2,43.21,2,72.95,0,65.7,0,58.44,0,38.19,0,1
37.81,0,29.89,0,52.51,1,58.81,1,67.96,2,56.28,1,61.79,0,48.39,0,0
61.12,2,49.99,0,61.21,2,48.51,2,41.77,1,40.1,1,13.28,2,40.13,1,1
36.48,2,45.24,0,44.22,1,24.77,0,61.11,1,49.55,1,52.47,0,77.09,1,0
68.49,1,53.47,1,56.53,0,47.21,1,43.18,2,73.69,1,49.33,2,32.98,0,0
22.78,2,64.62,0,57.22,1,49.39,1,51.24,0,18.75,2,62.82,1,35.93,1,0
53.9,0,49.57,1,26.11,1,15.27,1,43.22,0,19.14,2,42.34,0,67.97,0,1
47.14,0,28.05,0,61.35,2,56.2,1,52.32,0,55.82,1,29.89,0,55.96,1,1
62.37,2,23.1,1,37.69,2,49.05,0,59.6,2,58.43,2,45.52,0,39.5,0,0
66.53,2,69.86,0,32.11,0,56.63,2,51.39,2,66.83,2,31.73,0,43.35,1,0
75.56,2,31.21,2,33.12,2,64.75,2,40.89,0,50.28,0,36.05,0,61.49,0,0
70.23,2,60.55,0,45.36,2,41.39,1,49.97,0,15.13,0,54.46,0,46.05,0,0
58.0,2,64.14,2,74.69,2,79.75,2,57.87,2,45.65,0,48.87,0,39.06,1,1
58.86,2,57.21,1,52.61,2,49.7,1,50.61,2,33.56,0,45.17,0,42.37,0,1
32.5,0,51.11,0,78.69,1,34.93,2,37.72,1,44.68,1,66.44,1,62.41,0,0
60.78,2,36.96,2,66.32,1,64.08,0,85.89,2,27.44,0,65.39,0,60.34,0,0
40.25,2,39.55,2,64.43,0,47.46,2,45.5,0,31.21,2,66.69,1,31.14,0,1
52.44,2,48.24,0,74.18,1,35.68,0,71.19,0,59.51,2,53.68,0,70.81,1,0
53.52,1,45.13,2,48.4,2,52.12,0,48.36,2,47.8,1,42.59,1,51.47,0,1
31.9,1,39.92,0,44.68,0,29.43,1,32.41,2,48.62,2,44.91,2,63.76,1,1
48.81,1,38.43,1,68.88,2,48.03,1,25.82,2,34.36,1,57.71,2,21.93,1,1
69.51,1,62.73,0,45.31,0,40.23,0,51.77,2,22.36,0,68.43,1,9.99,1,0
50.72,0,76.95,0,18.71,2,73.58,0,64.58,0,33.63,0,48.58,1,23.81,1,0
74.89,1,16.33,0,39.08,0,51.77,1,53.91,2,66.03,0,63.15,2,56.06,0,1
65.77,2,51.16,0,75.05,1,38.77,0,35.15,1,68.84,0,43.93,0,46.57,0,0
39.38,2,53.04,2,44.46,0,21.65,1,55.13,0,31.31,1,52.74,2,39.44,0,0
63.0,0,53.14,2,66.4,2,54.84,0,21.71,0,36.56,0,42.15,0,60.43,0,0
31.12,2,50.43,1,52.61,2,38.57,2,41.69,2,39.89,1,44.0,0,78.73,0,0
9.05,2,27.92,1,43.33,1,54.03,0,32.04,1,63.5,0,67.09,1,61.13,0,1
70.56,2,48.61,1,36.79,1,55.18,0,43.06,0,54.76,0,60.67,2,42.12,0,0
63.16,2,47.3,2,28.78,2,53.25,0,37.08,2,56.27,1,34.88,0,58.4,1,1
76.4,0,25.22,2,39.77,0,70.29,2,50.79,0,19.86,2,43.47,2,46.61,0,0
53.09,0,53.62,2,38.02,2,20.81,1,44.5,0,57.5,0,17.07,0,41.35,0,0
35.74,0,63.93,2,41.76,2,40.22,1,69.85,1,70.03,0,68.85,2,55.42,1,0
50.48,0,29.88,2,72.9,1,25.74,1,59.98,2,38.69,1,57.06,0,52.41,0,0
52.33,2,54.8,2,62.2,0,39.35,1,33.95,1,60.21,2,30.67,2,47.99,0,1
54.51,1,56.43,0,67.9,0,52.65,2,36.84,0,31.82,2,32.02,0,33.15,1,1
11.84,0,55.92,2,68.75,0,48.9,2,59.85,2,47.65,0,66.6,0,45.88,0,1
22.77,1,76.34,2,40.48,2,22.77,1,54.17,0,34.33,0,55.72,1,68.7,0,1
32.04,1,44.5,0,54.99,0,35.15,1,47.88,2,55.27,0,37.65,2,72.72,1,1
71.04,2,49.45,2,48.67,2,69.18,2,69.76,1,71.44,2,36.97,2,47.53,0,1
53.31,2,76.26,0,68.14,1,49.98,0,41.36,2,70.92,1,46.59,2,49.35,0,0
45.08,0,51.62,1,49.22,0,72.56,1,66.9,0,50.11,0,62.93,0,7.43,0,0
47.56,2,25.67,2,60.17,1,44.33,1,61.48,1,43.4,0,60.21,1,42.67,1,0
49.5,0,45.4,0,44.19,1,56.91,2,41.51,0,50.23,1,37.12,1,29.18,0,0
53.4,2,53.23,2,56.14,1,71.24,0,55.41,0,30.16,0,51.76,0,45.2,1,0
67.88,0,62.46,1,58.52,0,53.89,1,24.61,1,65.68,1,60.18,2,64.83,1,0
20.77,1,65.23,0,48.37,1,21.44,2,71.08,0,61.63,0,22.51,2,73.44,1,1
57.95,1,54.83,2,59.89,0,76.75,2,50.46,0,18.46,1,45.35,1,43.29,1,0
47.33,1,46.84,2,31.83,2,69.0,0,49.62,1,76.9,0,44.36,2,64.23,1,0
53.04,1,46.74,0,29.26,0,61.04,2,43.18,0,33.56,0,69.25,2,47.66,0,0
59.72,2,45.93,2,44.65,0,32.8,0,37.28,2,51.38,0,55.33,2,52.03,0,1
53.45,0,54.48,1,77.24,0,70.02,0,72.1,2,66.03,1,85.92,0,76.6,1,1
18.63,1,68.68,1,46.8,0,51.04,1,77.87,2,63.75,1,43.15,0,65.74,1,0
62.45,2,58.29,1,62.12,2,46.03,1,38.4,1,44.75,2,65.06,0,73.47,1,1
64.28,0,52.95,1,51.88,1,40.42,1,52.83,1,57.05,2,75.72,1,53.1,1,0
29.63,0,53.3,1,60.43,2,56.46,1,24.79,1,36.8,0,60.41,2,28.37,1,0
37.25,2,75.7,1,62.04,2,55.77,1,33.5,2,49.82,2,33.62,2,27.32,0,1
41.38,0,57.31,1,64.7,0,38.98,2,39.92,1,53.71,2,70.04,1,74.0,0,0
60.95,1,51.78,1,39.39,0,58.94,2,22.68,0,63.28,1,74.65,1,29.49,1,1
83.46,2,50.7,2,50.6,2,57.54,0,43.52,1,29.4,0,41.88,1,44.15,0,0
50.27,1,36.89,1,61.62,1,43.98,2,73.07,0,43.96,2,60.97,1,39.54,1,0
72.15,0,51.21,0,19.4,1,20.25,1,33.61,0,64.7,0,37.16,1,33.41,1,1
66.26,2,47.81,0,2.89,1,43.16,2,49.19,1,69.89,0,51.15,1,55.24,0,1
47.31,1,59.43,2,66.34,1,60.55,0,30.27,1,64.07,0,55.71,2,42.39,1,0
56.8,0,81.46,1,38.15,0,56.31,2,44.1,0,62.57,0,60.82,2,61.15,0,0
70.21,0,33.9,2,32.49,2,39.14,2,36.61,1,56.83,1,68.66,1,55.88,1,0
31.51,2,73.27,2,61.21,1,61.4,0,35.92,0,68.54,0,54.16,2,33.38,0,0
56.61,1,30.32,2,72.13,0,79.96,1,65.75,2,21.56,2,44.58,1,39.43,1,1
57.72,1,41.07,1,44.25,1,37.42,2,28.29,0,39.26,0,60.11,1,33.65,0,1
64.55,0,32.56,0,46.72,0,69.83,1,43.44,0,55.93,0,39.14,2,43.63,1,0
51.13,0,43.67,1,42.92,0,49.01,2,80.89,0,45.89,2,61.09,0,57.29,1,0
39.46,1,62.91,1,58.83,0,31.91,2,48.14,2,61.97,1,41.18,0,59.19,1,0
21.51,0,64.94,1,76.25,0,41.35,1,73.3,1,63.19,0,29.52,1,66.01,0,1
82.03,0,45.76,0,71.95,0,61.27,2,52.34,1,60.5,2,57.01,0,49.44,0,0
52.43,0,79.6,0,41.86,2,54.7,1,58.53,2,40.99,0,45.66,2,65.73,1,1
59.44,0,41.84,2,59.25,1,30.29,2,56.73,0,62.31,0,52.44,2,80.37,0,1
54.58,0,62.7,0,31.34,1,53.98,0,70.29,1,46.73,0,65.21,2,36.01,0,0
46.38,1,55.88,1,35.7,2,53.75,0,60.59,1,53.2,0,48.93,2,61.04,0,0
30.53,2,34.58,0,47.33,2,33.69,1,42.85,2,43.69,0,62.76,0,81.84,0,0
48.74,2,33.56,2,37.45,2,73.04,0,48.43,0,19.33,2,41.48,2,46.88,0,0
47.31,2,35.37,0,59.39,2,26.88,0,49.69,0,67.18,1,35.18,2,20.99,1,1
50.89,2,91.98,0,54.92,1,38.42,2,66.49,1,56.13,2,63.91,2,58.91,1,0
42.02,0,33.6,0,17.64,0,31.69,0,60.21,2,50.92,0,38.91,0,50.72,0,1
39.3,1,56.57,0,60.34,0,36.81,0,44.75,0,46.84,2,68.35,0,55.27,1,0
26.11,2,23.86,2,51.25,2,65.89,2,71.75,1,36.09,2,62.71,0,35.81,0,1
57.47,2,40.84,2,35.61,2,67.66,2,45.45,2,59.9,2,61.31,1,53.83,1,1
66.26,2,63.1,2,23.64,1,34.78,1,15.4,1,46.47,0,45.37,0,48.41,0,1
60.67,2,32.12,2,57.45,2,49.26,1,35.88,1,53.11,0,38.99,0,72.46,0,1
65.0,1,65.45,1,38.35,1,45.95,2,40.98,2,61.56,2,57.79,2,58.31,1,1
58.61,1,56.69,1,73.3,2,70.81,0,42.1,2,66.08,2,53.12,1,53.35,0,1
48.47,0,37.45,2,55.07,1,61.5,0,56.24,2,56.65,2,16.21,0,44.24,0,1
46.52,0,46.58,2,44.28,1,46.38,1,62.28,1,57.0,0,41.98,1,76.02,0,1
62.86,1,69.75,0,60.94,0,68.2,2,68.68,0,37.12,2,76.16,0,50.49,0,0
45.44,1,59.28,1,65.86,2,45.4,1,44.84,0,19.13,2,70.12,1,51.48,0,0
37.76,0,56.75,2,41.12,0,56.84,0,46.35,0,50.84,1,61.64,1,50.63,1,1
66.3,1,0.51,0,27.49,2,36.84,1,25.61,1,66.81,0,34.6,2,52.14,1,0
54.27,0,49.0,2,18.94,2,42.03,2,41.31,0,45.82,2,64.55,0,39.89,0,0
76.47,0,40.99,2,68.31,2,38.97,1,55.09,0,40.46,2,47.74,1,71.7,0,0
22.9,1,32.95,0,61.76,2,38.12,2,39.54,2,18.84,1,45.96,0,68.0,0,0
55.85,2,60.23,1,71.61,2,57.11,0,54.06,2,66.04,2,45.04,0,39.24,1,1
58.88,2,42.39,2,45.3,0,31.95,2,31.82,1,51.88,0,43.92,2,23.81,0,0
50.83,1,41.2,1,35.96,2,39.16,1,66.91,0,41.06,0,34.45,1,57.33,1,1
22.37,0,39.79,2,13.65,0,72.07,0,60.59,0,52.47,2,32.51,1,52.23,0,1
42.89,2,47.78,0,15.05,1,54.66,1,61.66,2,43.91,2,63.95,0,79.26,1,1
24.24,2,60.6,1,52.45,2,65.96,0,44.47,1,28.43,1,53.59,1,39.4,0,1
76.39,0,54.55,2,60.95,1,49.91,0,40.16,2,48.79,0,49.63,1,42.69,0,0
29.86,0,69.45,2,25.35,0,59.34,1,51.06,1,55.05,2,46.26,1,69.9,0,1
70.73,0,62.07,2,66.65,1,44.87,2,38.7,2,28.85,0,40.46,2,57.14,1,0
75.29,1,50.66,0,69.0,2,61.8,0,37.76,0,8.7,1,63.05,2,68.47,0,1
45.57,1,44.09,0,52.04,1,71.5,1,71.63,0,74.55,1,69.65,1,45.81,0,0
76.36,0,52.5,1,40.08,2,35.95,1,61.75,0,68.65,0,51.3,0,65.96,1,1
36.82,0,28.85,2,61.2,0,13.62,0,41.02,0,29.29,2,75.0,0,68.89,1,0
50.63,2,43.51,2,44.75,1,75.46,0,38.25,1,76.88,1,65.87,2,42.07,0,1
38.04,0,65.16,1,49.03,0,65.41,0,23.13,1,37.45,1,60.84,0,63.77,1,1
51.17,2,22.7,0,46.86,0,54.67,1,47.29,0,57.34,2,72.46,2,51.7,0,0
45.15,0,45.65,2,54.3,1,24.53,0,47.24,0,54.52,1,32.15,1,62.57,0,1
25.73,1,25.16,1,40.62,1,48.37,1,75.77,2,61.37,0,61.8,0,46.5,0,1
54.44,1,62.14,1,49.77,2,60.84,2,42.47,0,43.92,0,56.59,1,59.81,0,0
60.18,1,65.32,1,27.11,1,46.59,0,48.38,0,40.66,1,40.51,2,28.49,1,1
60.56,1,34.92,1,45.42,1,66.3,0,50.11,2,74.28,2,25.61,0,40.88,0,1
22.3,0,48.19,2,43.44,2,51.71,0,37.76,2,32.94,0,28.17,1,61.93,1,0
67.41,0,26.55,1,55.53,2,43.63,0,38.66,0,38.61,0,62.39,2,34.07,1,1
51.06,0,47.37,0,65.37,1,27.81,2,33.6,2,66.3,1,61.5,2,53.02,0,0
77.22,0,30.79,2,73.42,2,54.15,1,59.62,1,46.26,0,65.04,2,60.21,1,1
47.31,2,79.37,0,55.88,2,41.55,0,45.25,1,56.92,2,43.32,0,45.59,1,0
69.66,0,60.47,2,49.13,0,63.9,1,41.86,0,47.2,2,64.34,1,68.34,1,1
22.21,0,59.24,2,39.84,0,59.44,2,38.83,1,71.97,2,31.03,0,55.98,0,0
46.8,2,22.99,2,40.38,1,54.94,1,56.43,0,45.84,2,42.06,0,32.86,0,0
24.95,0,30.54,1,50.6,2,50.92,0,60.22,1,57.02,2,26.8,0,37.62,1,1
51.15,2,73.7,2,43.81,1,44.08,1,43.05,2,68.41,2,57.61,0,11.92,0,1
52.13,1,21.95,1,62.74,2,38.92,2,27.38,2,58.92,2,41.84,0,70.33,0,1
77.51,1,19.19,2,61.92,0,45.05,2,38.94,1,73.96,0,69.02,1,46.16,0,1
42.55,2,67.17,1,44.97,1,60.78,1,38.65,2,45.05,1,34.3,2,26.85,0,0
46.65,1,62.21,1,43.93,2,60.25,2,63.42,0,64.29,1,44.63,2,63.17,0,0
64.48,0,58.18,1,38.69,1,33.9,1,60.61,0,29.48,1,51.54,0,59.66,1,1
40.74,1,78.19,1,32.31,2,29.04,1,36.03,1,58.78,2,55.68,2,72.34,0,1
52.04,1,30.07,1,27.15,1,50.16,1,82.15,2,56.69,1,61.37,2,66.59,1,0
58.36,1,62.97,2,33.98,2,62.95,2,55.21,0,55.6,0,63.31,0,44.53,0,1
53.54,0,77.05,1,43.1,1,30.58,2,37.6,1,50.11,0,68.39,1,67.03,1,1
49.86,1,62.25,0,67.41,2,48.05,1,21.13,0,38.94,0,43.11,2,38.26,0,0
56.49,0,49.72,0,56.04,1,80.49,2,57.52,1,58.6,2,80.92,0,61.93,1,1
43.93,2,72.35,0,62.55,0,57.99,1,79.5,0,55.2,2,29.09,2,51.24,1,0
36.82,0,41.69,2,37.51,0,40.62,0,37.72,2,11.73,2,34.34,1,63.29,1,1
34.71,1,63.74,2,33.15,2,55.3,1,46.11,0,61.54,1,47.56,1,48.13,1,1
36.79,0,48.18,2,71.89,0,75.23,2,54.48,2,54.94,0,72.9,0,67.31,1,0
55.82,0,46.2,1,47.9,0,39.47,0,39.33,2,57.45,2,54.56,0,58.32,1,0
65.85,2,21.17,0,28.84,1,63.32,1,23.46,2,33.14,1,65.66,2,59.98,1,1
41.53,0,23.44,0,27.16,2,37.1,1,24.2,0,46.2,0,33.63,1,50.96,0,1
36.87,1,67.75,1,48.16,2,57.65,0,25.19,2,26.93,1,61.67,1,59.38,1,0
69.04,0,16.75,2,32.38,1,44.0,2,52.38,0,49.54,2,45.6,1,72.78,0,1
43.64,1,31.95,2,74.25,2,56.78,0,84.13,0,42.21,1,70.37,2,35.97,0,0
55.26,0,53.3,0,52.58,1,46.09,0,45.78,2,47.96,1,51.29,0,38.68,1,1
54.83,0,41.37,1,80.85,2,67.13,2,61.93,0,38.74,1,42.23,1,38.65,1,1
81.81,2,74.52,2,68.9,2,42.38,1,67.26,0,66.26,1,58.28,1,37.83,1,0
16.45,0,45.76,1,49.88,0,69.62,0,63.03,1,44.75,0,53.62,1,45.12,1,1
38.33,0,55.08,0,63.01,2,74.27,1,55.43,1,31.72,2,45.67,0,56.4,0,1
56.91,1,44.87,0,37.89,2,43.5,2,33.68,0,18.6,1,50.22,0,43.83,0,1
61.27,0,57.12,2,42.65,2,73.62,0,66.2,0,38.35,1,25.66,2,50.13,1,0
58.71,1,66.63,2,46.08,0,50.14,1,66.46,2,57.73,1,18.89,2,21.93,0,0
52.53,2,40.58,1,39.96,1,62.09,1,48.17,2,64.73,0,68.66,1,42.88,1,1
61.59,1,36.34,0,33.83,0,35.0,1,37.56,0,27.9,1,38.48,1,60.99,1,1
42.89,1,45.76,1,34.39,0,55.88,2,27.42,0,49.9,2,32.79,1,29.89,0,0
56.41,2,54.88,1,60.93,0,45.46,1,67.4,1,71.78,2,41.14,2,38.09,0,1
53.31,0,38.94,2,31.29,0,69.1,0,47.84,2,57.79,0,58.23,0,60.69,0,1
55.34,1,45.84,2,46.84,1,44.0,2,42.71,0,70.92,2,42.89,2,46.42,0,0
48.16,2,43.01,1,64.79,0,56.82,1,70.43,2,56.73,1,69.1,2,48.89,1,1
79.51,2,65.89,0,23.5,1,55.33,1,35.71,2,51.73,2,80.79,0,59.58,1,1
17.45,0,73.53,0,58.4,0,63.7,0,57.63,1,48.57,1,66.21,0,37.88,0,0
61.11,2,79.38,2,26.98,0,60.52,1,68.75,1,62.72,1,8.52,0,56.64,0,0
53.52,1,60.35,0,45.31,0,33.15,2,58.32,1,42.93,2,53.46,2,67.93,1,0
60.7,0,62.34,1,59.65,0,35.82,2,74.66,0,65.24,1,21.45,2,62.07,1,0
62.82,1,64.29,2,69.13,1,56.35,1,36.41,0,64.16,1,57.78,0,56.08,0,1
30.05,1,44.41,2,46.41,1,38.43,0,59.9,0,52.6,1,62.58,1,58.47,1,0
59.01,0,55.94,0,34.47,0,50.17,2,47.31,2,47.17,2,80.83,2,85.25,0,1
40.33,2,60.68,2,3.7,2,54.01,0,30.32,2,38.84,0,30.86,2,19.07,1,1
32.28,1,54.79,1,30.25,0,34.69,0,24.1,1,70.84,1,32.81,0,40.37,1,1
50.12,2,55.4,0,55.21,1,51.19,1,62.06,2,71.35,1,47.79,2,36.03,1,0
39.53,0,36.05,1,62.84,2,38.98,1,32.32,2,54.72,0,34.35,0,54.73,0,1
41.31,1,50.89,0,47.33,0,59.77,2,62.11,0,32.57,1,24.7,0,27.88,1,1
47.13,0,35.42,1,57.48,0,61.65,2,33.27,2,21.97,2,27.33,1,36.87,1,1
51.25,1,55.96,2,27.89,2,61.81,1,45.26,2,33.04,2,49.47,0,52.37,1,0
70.6,0,45.19,1,48.33,1,42.7,0,47.25,2,31.56,0,65.11,2,55.16,0,0
59.69,2,46.22,2,60.14,2,61.98,1,40.97,0,46.79,1,52.41,0,30.3,1,0
59.76,1,64.47,1,47.1,0,57.63,2,57.48,2,62.66,2,37.37,0,76.67,1,1
39.68,2,43.7,0,28.23,2,65.63,2,23.19,1,55.72,1,68.12,2,66.94,0,0
38.07,1,40.02,1,33.55,1,48.99,1,46.84,1,59.76,0,58.19,1,55.57,1,0
80.16,0,40.04,1,61.73,1,57.28,1,62.88,2,26.73,0,43.2,0,58.07,0,1
60.06,0,15.59,0,41.17,2,69.42,0,33.41,2,50.12,1,48.25,1,63.39,0,1
40.29,0,65.51,0,35.74,2,42.11,0,49.27,2,49.11,1,58.02,2,54.16,0,1
93.54,1,36.7,2,48.95,2,47.67,2,26.72,2,56.68,2,55.74,1,49.85,0,0
42.82,1,35.07,1,55.12,0,42.69,0,26.89,1,67.35,0,62.17,2,67.59,1,1
57.31,1,55.46,0,39.75,1,65.9,1,57.43,1,33.54,2,23.24,0,59.04,1,0
62.99,1,48.58,1,32.33,2,31.28,1,27.89,2,63.33,0,65.5,1,62.62,0,0
37.02,0,69.49,2,71.95,1,51.52,0,40.67,1,41.84,2,40.28,1,49.25,1,0
53.6,1,50.08,1,26.64,1,60.11,0,44.78,1,42.95,2,63.1,0,38.54,1,1
40.4,2,57.78,0,46.37,0,44.52,2,54.43,0,66.85,1,44.21,0,61.58,0,1
42.24,2,100.77,0,43.68,1,34.46,1,45.82,2,58.39,1,10.07,2,52.56,1,1
52.67,0,30.73,1,50.54,1,43.11,0,66.35,2,35.7,1,51.41,1,35.37,1,1
34.88,2,34.35,0,57.6,0,35.9,1,62.14,1,32.07,0,26.56,1,56.47,0,0
55.04,0,63.19,0,78.89,0,21.71,0,30.67,2,43.92,2,49.04,2,25.07,1,0
42.05,1,32.31,0,29.18,2,66.16,2,63.28,2,33.01,1,34.96,1,59.7,1,1
34.55,2,73.5,2,75.88,2,51.2,0,76.84,0,51.37,1,65.94,0,56.49,1,0
46.19,1,53.42,0,48.86,0,51.6,1,48.67,2,47.96,2,15.62,2,54.4,1,1
46.46,1,43.33,0,81.01,2,38.78,1,83.65,1,51.73,0,64.53,1,51.48,1,1
54.67,0,59.11,1,37.93,1,57.19,1,58.01,2,25.35,1,38.26,2,54.45,1,0
39.94,2,49.23,0,32.17,0,47.29,1,7.23,2,40.7,2,47.51,0,67.68,0,1
35.98,1,35.77,1,51.13,2,44.03,0,32.79,2,80.43,0,59.03,1,65.35,1,0
34.7,0,53.43,2,62.03,0,22.55,1,44.06,2,70.36,1,81.7,1,52.45,0,1
71.04,1,56.61,0,58.75,0,58.71,1,32.77,2,73.2,2,41.52,0,73.55,1,1
36.15,1,27.96,0,23.19,2,41.61,2,55.06,1,36.2,2,34.19,2,59.41,0,1
66.12,1,57.65,1,46.83,2,32.85,2,41.76,0,69.46,0,61.09,1,50.12,0,1
33.19,0,49.62,2,83.51,1,40.3,2,45.28,2,60.88,1,42.04,2,74.21,0,1
50.33,0,70.63,0,39.84,0,50.78,2,41.68,2,67.39,0,6.24,0,28.56,0,0
40.3,1,31.36,1,66.34,0,29.07,1,49.02,2,48.69,1,67.29,1,41.75,0,1
41.65,1,61.31,2,59.5,2,76.28,1,52.21,2,78.38,2,48.38,2,61.21,1,1
59.28,2,52.9,2,62.79,1,60.65,2,38.69,0,44.8,1,72.47,2,24.46,0,0
70.01,2,65.0,0,50.0,2,35.41,2,55.38,2,47.66,0,53.04,1,70.17,1,0
51.1,2,28.22,0,65.02,0,37.63,2,30.51,2,42.34,1,58.57,0,63.84,1,1
62.71,2,48.56,2,48.69,1,44.47,0,30.57,1,78.02,2,36.38,0,71.07,1,0
52.15,1,50.22,1,53.74,1,53.56,1,68.77,2,51.97,2,74.3,1,66.49,1,1
36.48,0,50.92,0,32.19,1,41.39,2,66.57,2,17.09,0,57.33,1,57.32,1,0
48.41,0,34.81,1,56.97,0,44.31,1,60.83,1,73.3,2,46.79,1,63.03,1,0
41.92,1,58.51,2,28.32,0,54.3,0,53.77,0,29.35,2,47.96,0,58.88,1,1
38.85,2,79.23,2,56.56,1,52.14,2,51.75,1,38.77,0,33.34,0,47.36,0,1
59.86,2,36.51,1,39.74,1,60.15,1,27.99,2,38.87,2,68.88,1,45.79,0,0
59.45,2,67.7,1,40.44,2,58.89,0,51.97,2,27.14,2,73.72,2,51.97,0,0
48.01,2,49.74,0,47.04,0,71.02,0,57.91,0,63.0,1,71.66,1,33.5,1,0
80.01,0,32.78,1,48.85,1,47.61,0,58.05,2,42.17,0,29.83,1,27.06,0,0
60.75,0,30.94,0,75.6,1,61.31,2,46.74,1,30.5,2,46.26,2,77.37,0,1
35.89,1,44.57,0,74.88,1,44.82,2,54.33,2,57.39,0,44.98,1,51.78,0,1
41.7,0,44.84,0,51.37,0,49.53,1,37.16,1,33.88,2,65.66,1,54.94,1,0
53.77,2,35.25,0,87.74,1,18.48,0,67.44,2,53.43,1,39.91,1,43.88,1,1
47.39,2,49.91,2,53.47,0,59.43,0,22.2,0,58.86,1,52.83,0,61.43,1,0
41.57,2,34.2,1,57.68,0,42.3,1,72.03,0,20.72,0,51.6,1,50.95,0,0
52.75,1,74.25,2,50.22,2,72.51,0,50.27,1,50.73,1,65.76,1,12.77,1,1
45.98,0,49.25,2,84.65,1,57.4,1,37.14,1,37.82,1,39.83,0,57.49,1,0
81.69,0,59.69,2,60.84,2,89.62,2,66.48,1,50.05,0,56.62,2,41.88,1,1
31.24,1,35.65,1,59.78,1,63.48,1,54.88,0,34.78,2,51.48,1,51.35,0,1
62.92,2,28.06,1,24.39,2,54.28,1,53.41,1,50.46,1,55.47,0,53.23,1,1
24.39,0,28.4,1,38.47,1,48.86,2,48.1,2,39.32,0,41.48,1,37.43,0,0
46.85,0,72.48,2,47.65,0,40.48,0,58.31,0,76.2,1,43.19,2,28.47,1,0
63.92,1,42.13,2,70.8,1,63.27,1,76.28,0,38.35,1,74.6,0,34.72,1,1
35.85,0,67.49,2,51.89,2,78.4,1,60.35,0,54.42,1,63.17,1,51.65,0,1
34.73,0,37.53,0,26.41,1,49.92,2,36.17,0,59.41,1,31.83,1,32.99,0,1
52.84,2,57.35,2,21.88,1,25.82,0,61.97,2,48.96,2,83.24,2,25.76,1,0
34.48,2,63.13,1,70.07,1,67.57,0,32.98,2,63.93,2,32.01,2,44.69,0,0
64.38,1,70.45,1,56.66,2,73.81,0,60.29,1,42.85,1,56.4,0,37.66,0,1
43.66,1,71.71,2,23.93,0,40.36,0,72.41,0,46.98,1,31.65,2,47.67,0,0
55.66,0,68.19,2,66.29,2,41.92,2,60.73,0,59.84,0,58.59,2,71.49,0,1
62.06,1,40.27,1,58.45,1,57.34,1,73.03,2,71.28,0,46.47,2,51.96,1,0
48.36,2,54.44,1,33.85,0,37.34,1,38.64,2,59.4,1,62.25,1,39.16,0,1
77.98,2,36.65,2,65.04,1,46.56,0,68.92,0,35.55,0,62.17,2,39.82,1,0
31.33,0,69.73,1,81.54,1,64.4,1,27.35,1,43.97,2,37.25,2,41.29,0,0
38.57,2,66.04,2,66.3,2,50.82,0,60.71,2,-5.33,1,53.41,0,41.62,1,0
61.33,0,33.04,2,49.65,2,62.83,1,31.38,1,63.08,0,75.36,2,27.87,1,1
60.13,1,63.83,2,62.43,0,69.92,2,22.17,0,40.36,2,45.85,2,55.77,0,0
67.68,1,42.14,0,30.4,2,55.89,2,46.33,0,53.52,0,35.23,0,33.6,0,0
61.89,0,47.84,2,64.53,1,67.75,0,72.18,0,57.57,1,18.95,0,47.98,1,0
41.32,0,23.67,0,80.52,1,48.13,1,34.88,2,54.3,1,25.22,0,54.71,0,1
62.44,0,35.67,2,62.2,2,34.04,0,47.15,2,50.93,1,24.53,2,37.5,1,0
35.6,1,67.79,2,69.1,2,52.15,2,25.92,1,53.68,1,61.45,0,39.94,0,1
31.84,2,33.41,0,45.56,1,52.21,2,42.74,0,36.3,1,36.89,0,71.96,0,1
48.32,0,69.24,1,57.01,0,73.22,0,38.25,1,73.19,1,52.45,1,31.96,0,1
52.18,1,60.06,1,13.5,0,25.61,2,55.99,2,47.43,2,33.42,2,58.95,0,0
38.57,0,34.94,2,52.9,2,45.63,2,43.32,2,61.85,1,45.22,1,87.27,1,0
24.17,0,24.26,1,56.77,2,71.35,0,20.76,2,71.15,0,24.88,0,49.85,0,0
49.28,2,57.48,1,26.57,2,56.68,0,55.63,0,75.56,0,36.54,0,44.98,0,0
27.71,1,64.3,2,38.94,0,39.62,1,37.63,1,62.41,0,36.0,2,39.68,0,1
64.67,0,36.84,2,39.15,1,47.93,1,52.22,1,41.93,1,52.78,2,68.58,0,1
48.47,0,40.26,2,51.5,2,46.85,1,48.83,2,77.52,1,41.91,0,62.53,0,1
38.36,2,43.05,1,61.63,2,37.29,0,42.53,1,31.53,1,40.37,2,74.52,1,1
30.83,2,71.82,2,82.32,0,10.55,0,50.36,0,6.49,1,51.57,1,63.97,1,0
35.47,1,60.02,0,18.63,2,46.33,2,51.81,0,21.14,1,28.44,2,58.93,0,1
94.43,2,66.82,1,71.58,0,37.93,0,48.44,0,31.05,1,49.44,0,33.74,1,1
60.04,2,60.98,1,56.55,2,38.81,2,61.54,0,54.44,0,46.8,0,63.31,1,1
42.66,1,53.63,0,51.9,1,40.74,1,35.97,0,77.21,0,74.62,1,41.41,0,1
12.14,0,39.84,1,50.52,1,51.04,2,58.78,1,58.05,0,40.86,2,41.38,1,0
46.08,0,42.43,0,19.99,0,51.97,0,29.65,0,47.0,2,43.92,0,50.88,0,0
55.12,1,28.61,0,73.44,2,100.65,2,26.0,1,38.3,1,65.52,0,40.46,1,0
43.59,2,61.17,1,44.73,1,50.62,1,73.08,2,63.3,1,45.95,1,47.18,0,1
54.89,0,43.25,0,59.95,1,62.22,2,77.75,0,41.46,2,49.77,1,48.17,1,0
58.75,0,69.24,0,28.78,1,53.66,1,61.63,0,42.11,1,46.75,1,66.59,0,0
48.82,0,49.41,0,35.04,1,60.43,2,45.95,0,63.81,0,18.79,1,49.88,1,1
35.38,0,64.46,2,43.95,2,38.84,0,38.96,1,60.55,1,42.65,0,53.09,1,1
61.5,2,38.04,2,65.5,2,66.9,2,53.44,2,59.82,0,68.15,1,90.41,0,0
39.91,1,62.99,2,52.39,1,67.91,0,51.67,2,36.88,0,70.44,2,50.02,0,0
58.74,0,49.73,2,35.81,2,25.61,2,60.16,0,38.54,1,82.36,2,47.34,1,1
60.69,1,38.26,0,41.99,1,84.41,2,39.61,0,54.22,2,45.77,2,63.98,0,1
55.46,0,70.33,0,47.44,1,53.37,0,59.22,0,47.89,2,36.97,1,34.46,0,1
58.96,2,39.96,2,65.66,0,48.06,2,64.0,1,62.48,1,62.38,0,32.78,0,0
14.98,2,82.55,0,63.7,1,48.56,1,52.76,0,45.83,1,34.34,2,36.0,1,1
88.13,2,51.09,2,39.46,1,34.72,0,74.1,0,46.76,0,47.3,1,48.4,1,1
50.4,1,6.03,1,1.37,1,49.88,1,62.18,1,78.73,0,45.19,1,54.0,0,0
45.04,2,35.09,2,54.54,0,75.94,1,50.5,0,33.23,2,71.67,0,29.48,1,1
41.94,1,60.48,1,31.21,1,61.99,0,59.33,0,57.89,2,63.12,1,39.32,0,1
68.14,2,25.18,1,37.66,0,75.45,0,62.89,0,63.58,0,46.76,0,68.77,0,0
43.62,2,46.92,1,41.35,2,51.18,1,37.52,1,62.01,0,27.92,1,63.02,1,1
60.24,0,54.94,1,43.65,2,52.28,0,39.08,2,34.91,2,26.04,0,36.7,1,1
77.54,0,61.69,2,64.34,2,46.94,0,48.0,0,64.9,1,34.36,0,63.71,1,0
55.12,0,32.06,0,44.46,2,19.04,1,37.26,2,47.36,2,50.38,0,33.32,0,0
31.5,2,35.37,2,58.86,2,37.64,1,30.15,1,33.92,2,68.76,1,46.71,0,0
20.54,1,33.62,0,56.36,1,59.88,0,43.01,0,76.94,0,28.49,0,58.34,1,0
30.23,0,54.22,2,38.74,1,44.81,1,31.39,0,43.56,0,75.16,0,62.18,0,1
68.19,0,35.31,1,69.81,1,46.14,0,86.54,2,50.22,1,56.37,1,25.38,0,0
40.25,2,16.94,2,53.6,1,66.21,1,72.81,0,64.87,1,65.83,2,43.59,0,1
56.36,1,51.87,1,31.98,1,49.63,1,67.48,2,49.23,0,36.04,0,37.58,0,0
49.42,0,46.52,0,65.43,1,38.35,1,31.89,0,52.88,1,13.48,1,39.06,0,1
44.42,2,21.85,0,56.53,2,52.54,2,53.49,0,60.39,0,43.03,0,66.85,0,0
21.98,0,37.32,0,56.99,0,43.1,0,50.32,2,23.57,1,49.65,0,34.32,1,0
42.17,0,46.02,0,48.71,2,49.85,2,58.39,2,41.59,2,58.22,2,46.29,0,0
41.57,0,61.4,0,82.73,0,75.97,1,34.83,1,45.33,1,47.23,1,64.67,0,0
54.19,0,68.54,1,71.35,1,54.38,0,39.85,1,44.02,1,10.04,1,48.2,0,1
42.25,2,50.2,0,64.34,2,41.23,1,35.99,0,44.17,2,62.8,2,52.93,0,0
70.86,2,56.32,1,48.67,0,64.16,2,64.98,2,75.46,2,57.97,2,40.12,0,0
69.04,1,62.37,0,57.94,0,28.49,1,46.99,2,64.89,1,36.37,1,40.24,1,1
64.01,1,47.3,2,32.88,2,53.96,1,61.26,0,43.98,2,69.04,1,57.54,0,1
43.85,0,61.42,0,25.94,1,65.87,0,51.98,1,70.93,1,58.77,0,44.81,1,1
39.33,1,54.71,0,35.35,2,35.22,2,36.66,1,33.09,1,69.36,1,58.98,0,1
38.75,1,49.71,1,59.09,2,49.0,0,54.75,2,60.56,1,44.71,2,54.48,0,1
32.7,2,63.42,2,58.95,2,51.04,2,68.82,2,79.6,0,36.71,0,40.29,0,0
41.17,1,64.58,1,43.97,1,44.19,0,22.01,1,44.5,1,57.52,0,27.5,1,1
8.55,0,59.06,2,46.51,2,43.38,2,65.74,2,79.97,2,40.97,1,48.48,0,1
70.81,0,67.8,2,40.33,0,65.16,0,22.94,2,39.21,2,50.59,2,47.49,1,0
50.21,0,62.15,2,68.9,2,73.91,2,74.46,0,60.79,2,60.28,1,42.01,0,1
41.06,0,46.22,1,42.86,2,45.64,2,20.74,2,52.38,1,49.56,1,22.99,1,1
81.05,0,28.34,0,28.44,0,31.95,2,29.75,0,68.99,2,20.74,1,16.55,0,0
39.98,2,23.69,2,64.06,0,55.43,1,55.63,0,34.43,0,32.0,2,49.98,0,0
36.17,2,47.02,1,42.28,2,39.74,1,56.4,0,27.92,2,31.26,2,47.53,0,1
65.2,0,32.02,1,51.68,1,29.28,1,45.37,0,23.87,1,54.08,1,53.51,1,1
51.59,0,25.25,1,59.98,0,71.18,1,36.55,2,41.15,0,33.15,0,54.57,0,1
71.66,0,53.25,0,62.92,2,33.8,2,40.03,2,58.37,1,36.84,2,73.61,0,0
34.0,0,27.12,1,58.45,2,52.69,1,50.42,0,53.76,2,31.46,2,49.87,0,0
60.04,2,46.76,0,63.68,1,42.16,1,70.66,2,65.08,1,31.48,1,55.63,1,1
61.65,2,42.86,1,76.14,1,45.26,2,60.86,1,48.29,0,50.19,2,30.19,1,0
50.09,2,88.18,0,28.87,2,62.48,1,73.05,0,44.23,0,80.57,0,42.61,0,1
18.02,2,41.29,2,37.79,2,60.14,2,45.68,2,42.09,0,84.66,0,56.8,0,1
55.67,2,70.24,2,41.68,2,51.75,1,62.67,2,49.99,1,70.14,0,65.56,1,0
36.84,2,30.16,1,44.55,0,44.34,1,55.26,2,55.75,0,29.12,0,44.22,0,0
61.81,0,38.25,2,51.37,1,48.17,1,29.52,0,54.59,1,77.61,0,54.45,1,0
41.36,2,46.55,1,40.22,1,54.01,1,43.94,1,82.95,0,67.86,2,54.28,0,0
76.6,0,19.24,0,57.03,0,58.4,0,44.66,1,35.01,1,43.38,2,44.63,0,0
11.57,1,54.08,0,53.24,1,49.81,2,43.02,2,64.99,2,42.03,2,50.4,1,0
49.71,2,22.76,0,65.73,0,63.13,1,39.52,1,47.13,0,55.0,0,42.75,0,0
42.57,2,69.06,2,39.59,2,57.65,0,73.38,2,56.88,1,75.96,0,32.69,1,1
67.53,0,25.32,1,34.05,0,42.65,0,44.72,1,61.72,2,42.7,1,64.06,1,1
25.82,2,57.05,2,28.77,1,57.27,0,18.25,2,51.96,2,23.41,0,36.94,0,0
25.31,1,75.2,1,55.51,0,31.15,1,71.21,2,14.82,1,50.42,0,35.03,0,1
64.52,0,59.73,0,44.0,1,38.19,1,63.97,1,63.37,2,44.08,0,48.41,1,0
21.65,2,45.78,2,100.58,0,33.68,2,58.11,2,48.37,1,60.87,0,65.71,0,0
43.9,2,46.78,1,58.92,1,61.04,0,46.72,2,28.72,2,36.41,0,51.25,0,0
52.38,0,32.54,0,48.95,0,68.56,2,24.84,1,61.76,2,57.71,1,73.59,0,1
51.29,2,57.81,0,48.17,1,49.58,2,60.9,2,49.68,1,28.01,2,14.75,1,1
60.76,1,46.8,0,33.76,2,64.54,0,75.36,2,26.98,1,41.08,1,64.86,0,0
50.29,2,44.2,1,59.6,2,64.34,0,58.71,1,58.65,0,45.15,1,29.25,1,0
45.55,0,36.27,2,41.39,2,39.34,0,47.46,1,84.63,0,52.66,2,64.38,1,1
80.83,2,37.89,2,53.02,0,49.45,2,49.03,2,47.44,2,56.27,0,44.16,0,1
54.46,0,43.78,0,31.17,1,89.57,1,36.34,1,54.27,1,56.46,2,43.13,0,0
42.8,1,58.43,2,23.43,2,37.1,1,93.14,0,41.68,2,61.05,0,55.31,0,1
60.17,1,10.18,2,32.9,0,43.21,1,14.03,2,44.01,1,35.02,0,34.04,0,0
54.11,0,61.48,2,65.2,1,52.4,2,39.6,0,82.27,1,19.09,2,51.45,1,1
34.83,2,45.15,1,24.86,1,34.47,2,72.4,2,33.74,2,33.27,2,35.16,0,0
42.17,1,52.34,0,54.81,2,39.57,2,29.98,0,65.21,0,60.04,1,61.8,0,1
55.42,2,28.34,0,62.24,0,20.67,1,72.97,2,42.91,1,40.82,2,22.18,0,1
17.06,2,67.95,1,58.62,0,36.86,1,41.48,1,50.13,2,45.17,0,77.42,1,0
85.71,1,32.7,0,38.4,1,42.17,2,55.52,0,46.41,0,19.09,2,61.15,0,0
51.17,2,62.41,2,28.27,1,56.35,2,54.83,2,79.92,0,22.35,2,55.34,0,0
66.67,1,58.24,0,51.82,2,72.2,0,54.91,1,48.45,0,53.61,2,34.95,1,1
54.67,1,51.91,2,53.48,1,59.02,1,65.18,1,61.69,0,38.5,0,66.82,1,0
99.51,0,41.28,1,46.74,0,45.87,1,25.96,2,65.45,1,41.59,2,31.33,1,1
47.04,2,56.77,1,37.64,1,10.7,0,52.21,1,34.97,2,52.67,2,66.97,1,1
19.47,1,50.01,0,44.85,2,68.4,2,66.1,2,32.51,2,20.86,1,57.9,1,1
70.51,0,69.14,0,48.62,2,19.76,2,54.58,0,62.72,1,46.47,2,49.96,1,1
40.5,1,90.75,2,84.22,0,60.13,0,54.53,1,56.64,0,41.36,1,50.18,0,1
35.36,0,55.57,0,39.2,2,24.4,1,65.44,0,37.04,1,68.27,1,42.99,1,0
59.51,2,30.48,1,55.04,1,87.75,1,32.75,0,63.16,2,19.64,1,43.22,1,0
64.92,2,48.18,0,49.44,2,59.89,0,34.71,0,73.68,2,21.09,0,40.49,0,0
58.11,2,25.08,2,33.54,2,44.32,1,57.95,2,54.76,1,52.98,0,27.98,0,1
39.49,2,72.62,1,54.59,1,61.76,0,48.15,1,58.21,0,42.39,0,46.93,1,0
44.64,2,56.65,0,22.01,2,57.76,0,37.66,2,37.71,1,23.64,1,36.91,1,0
47.47,0,31.49,0,72.38,2,63.94,1,9.47,0,36.95,1,37.08,1,55.16,1,1
43.1,2,45.02,2,53.21,0,58.49,1,55.45,2,47.46,2,53.23,0,30.86,0,1
32.79,0,40.03,2,53.66,0,28.17,2,43.32,0,55.89,1,46.05,2,43.48,1,0
61.11,0,52.51,0,57.2,1,52.8,1,29.1,0,53.84,0,43.15,0,20.46,1,0
54.73,2,82.38,2,43.42,0,12.24,1,48.9,1,48.39,0,75.61,1,43.07,0,0
51.2,2,45.34,1,49.38,1,72.1,0,18.21,1,51.79,0,50.71,1,62.26,1,0
39.95,1,35.2,2,62.7,1,59.37,0,53.69,1,76.41,0,62.2,0,71.13,0,0
36.62,1,64.36,0,38.63,0,39.93,1,42.95,2,30.28,0,25.32,2,71.17,0,0
51.94,1,38.83,2,50.87,1,38.34,0,13.58,2,28.66,1,52.3,0,58.98,0,1
61.97,2,25.8,1,55.3,1,41.47,0,50.2,2,39.28,1,63.92,0,70.25,0,1
44.15,2,42.41,0,56.74,2,52.28,0,61.6,2,41.71,2,51.59,2,49.72,0,1
52.23,0,51.67,0,58.36,1,58.68,2,60.49,0,32.03,2,44.12,1,65.46,1,1
48.89,2,37.14,1,69.17,0,55.34,0,56.07,1,55.29,2,68.36,2,63.2,1,0
49.55,2,39.7,2,48.01,1,44.57,1,70.44,0,44.22,2,59.42,2,44.87,1,1
59.53,0,64.23,0,41.41,0,44.87,1,49.61,2,62.04,2,81.15,2,44.68,0,1
30.11,2,59.09,2,53.93,0,42.41,2,48.74,1,28.42,1,49.65,0,44.93,0,0
36.29,2,32.0,1,69.72,1,67.8,1,71.36,0,45.49,0,33.77,2,46.31,1,1
20.38,1,53.58,2,22.37,1,46.28,2,43.64,0,63.93,1,20.58,2,53.32,1,1
57.21,1,34.29,1,36.02,2,75.49,2,54.3,0,59.85,0,48.38,1,33.68,0,0
59.9,1,24.32,2,25.61,1,89.72,0,63.46,2,49.75,0,63.41,0,53.76,1,0
51.83,1,30.05,2,69.44,1,28.52,2,38.37,1,68.17,2,59.46,1,38.41,1,1
45.59,1,61.76,1,67.18,1,58.62,2,60.57,0,71.65,2,50.61,2,59.84,0,1
59.13,0,44.73,2,36.01,2,63.41,1,36.78,2,55.09,2,40.2,2,32.26,1,0
64.31,0,64.23,2,56.5,1,33.59,2,58.46,1,58.93,1,73.27,2,53.62,1,0
48.36,0,62.78,0,60.4,2,49.0,0,35.98,2,55.01,2,70.71,2,41.16,1,0
29.6,2,56.8,0,30.77,1,50.37,1,50.0,2,66.88,1,36.5,2,33.74,0,0
45.65,0,46.2,1,51.94,2,59.74,1,60.77,2,57.31,0,63.16,0,39.06,1,1
40.97,1,30.66,1,61.89,0,70.01,2,69.07,0,57.41,1,31.97,1,45.11,1,0
47.32,2,78.31,1,53.71,0,48.08,0,75.22,2,62.22,1,44.25,1,45.96,0,1
53.55,1,32.75,0,55.09,1,51.35,2,66.14,2,74.75,0,48.0,1,58.57,0,1
49.84,1,26.23,2,47.04,2,51.72,2,58.5,2,57.8,2,42.38,1,60.37,1,1
42.56,2,50.25,2,64.31,0,28.42,0,80.33,0,60.24,1,25.84,2,51.3,1,1
63.58,1,49.88,1,69.39,0,66.86,1,61.98,1,65.0,0,62.82,1,79.89,0,1
32.3,0,19.48,2,75.85,2,55.97,0,66.33,0,52.08,2,60.32,0,46.25,0,1
42.22,1,49.89,1,54.28,0,60.47,1,32.55,2,38.85,0,45.41,1,5.22,0,0
60.47,2,47.5,0,60.59,0,47.45,2,31.28,2,53.97,0,71.37,1,20.47,0,0
56.34,1,49.42,0,46.9,0,49.93,1,76.39,2,64.66,1,51.3,0,41.53,0,0
37.32,1,1.6,0,66.79,2,29.93,1,57.8,2,48.72,2,59.25,2,50.25,1,0
56.24,2,62.36,1,34.7,2,51.2,2,66.58,1,34.05,1,32.98,1,48.8,0,1
45.9,0,69.58,0,52.47,1,47.23,0,38.59,1,57.21,1,45.82,2,73.26,1,1
52.3,2,63.69,1,65.37,0,28.07,0,47.37,0,61.19,1,50.09,0,64.78,1,0
49.04,1,54.93,0,66.13,0,37.49,0,46.68,2,82.27,2,51.3,0,40.22,1,1
41.6,0,64.18,0,59.0,1,42.4,1,80.18,0,50.69,2,58.72,0,70.09,1,1
52.85,0,57.0,0,57.35,2,52.47,2,19.52,2,47.36,0,48.69,2,29.68,0,1
47.21,2,42.01,1,55.69,0,53.41,1,50.11,0,41.82,2,44.0,0,54.31,0,1
64.91,0,63.2,2,55.39,1,63.71,2,49.88,2,26.3,0,30.43,0,40.07,0,0
72.73,2,45.42,2,33.62,2,37.12,0,68.2,2,59.79,0,38.87,1,57.29,0,1
36.82,2,62.67,0,54.39,2,66.38,0,39.41,1,41.53,2,67.83,1,20.48,1,1
63.37,0,55.38,1,54.09,0,55.71,2,51.37,2,44.36,2,47.99,1,59.73,1,1
25.52,2,85.34,0,50.39,0,37.34,2,55.96,0,36.09,1,48.34,1,48.48,0,1
57.79,1,16.69,0,76.39,2,18.86,2,71.29,1,54.21,0,14.79,2,42.14,0,0
57.87,0,53.26,1,41.83,2,58.64,0,47.58,1,43.58,2,37.14,2,49.07,1,0
52.53,0,55.92,0,34.73,1,50.77,1,46.09,0,66.04,1,47.25,2,30.61,0,0
45.76,2,64.66,0,64.17,0,34.45,0,51.77,0,39.23,1,64.37,2,53.02,0,1
75.29,2,33.05,2,52.5,2,71.81,1,46.81,2,66.39,1,40.29,2,64.28,1,0
41.58,1,41.74,1,59.23,0,45.1,0,23.52,0,55.54,0,75.71,2,48.53,0,0
56.8,1,40.22,1,66.02,2,45.84,0,47.63,0,59.85,1,64.02,2,62.94,0,0
51.72,2,70.03,1,67.51,0,46.09,2,60.7,1,33.11,2,24.87,2,46.63,1,1
61.09,2,52.75,1,51.48,0,61.62,2,53.88,2,42.9,2,69.16,1,64.53,1,0
39.61,1,45.83,1,89.84,1,35.59,2,49.67,0,22.69,1,41.03,1,58.42,0,1
25.12,2,58.45,0,59.12,1,88.9,2,40.18,1,26.95,1,59.56,0,37.19,1,0
43.43,0,59.96,1,35.75,2,30.54,0,64.2,0,37.38,1,44.46,1,26.65,0,0
47.97,1,32.68,1,59.15,2,38.74,0,101.12,1,70.89,0,43.24,2,50.34,1,1
90.43,0,37.22,0,41.78,2,57.45,1,51.04,1,34.56,2,32.25,0,33.56,1,0
65.38,1,28.35,1,42.6,0,59.38,1,46.24,2,61.6,1,40.28,1,39.28,0,0
58.28,1,44.54,0,71.91,1,30.26,0,56.8,0,43.68,0,61.1,0,21.3,1,1
50.9,2,66.23,2,54.38,0,49.91,1,61.2,0,51.82,2,64.81,2,67.09,0,1
31.85,2,59.09,2,35.4,2,67.32,0,19.1,2,28.23,1,45.54,1,58.56,0,1
35.4,1,36.4,0,52.59,0,44.61,1,46.73,0,45.21,1,41.87,0,45.19,1,1
70.77,1,59.48,1,34.68,0,56.27,1,51.67,1,65.04,2,57.33,0,59.79,1,1
39.31,2,52.89,0,63.3,0,54.84,2,23.76,1,64.68,1,52.56,0,49.62,0,0
61.75,2,47.35,0,70.43,0,61.61,1,56.19,0,37.64,1,51.47,2,76.53,0,1
77.77,2,57.0,1,46.59,0,38.0,2,42.92,2,63.42,2,38.78,2,41.66,0,0
49.82,1,76.42,0,45.01,1,49.38,1,56.41,1,44.02,0,39.32,2,50.76,0,0
55.62,0,62.68,1,42.46,1,82.19,0,55.9,0,55.49,2,36.36,2,63.38,0,0
71.36,0,43.32,1,31.3,2,64.39,0,72.32,1,45.18,2,41.22,1,81.93,1,0
44.72,1,51.75,0,43.58,0,50.24,2,59.41,0,65.93,0,48.9,2,28.22,0,1
55.92,0,55.65,2,30.73,2,51.97,0,77.55,2,27.95,1,50.21,0,43.14,0,0
33.08,2,17.37,1,59.05,0,46.44,0,49.81,2,56.72,1,67.67,2,54.87,0,1
39.16,2,49.74,0,43.47,0,58.16,0,54.66,1,30.28,1,67.43,0,26.79,0,1
30.82,0,25.43,2,59.32,1,29.55,1,55.88,1,53.2,0,48.12,0,37.12,0,1
27.62,0,53.22,1,51.99,2,82.63,0,52.95,1,54.24,0,66.02,0,48.09,1,1
63.4,1,53.3,2,53.71,1,52.52,2,46.01,0,56.05,0,51.39,0,38.53,0,1
64.77,0,47.44,1,77.75,2,36.04,1,44.92,2,64.05,1,35.51,2,47.28,0,0
45.89,0,25.94,1,41.21,2,77.16,2,42.88,1,67.46,1,51.42,1,47.89,1,0
39.04,0,51.38,2,74.88,2,38.1,0,19.84,2,38.53,1,57.97,0,51.75,1,1
44.77,0,72.34,0,71.35,1,26.49,2,23.41,0,39.94,2,43.54,1,49.46,1,1
68.56,0,56.83,1,44.8,0,47.03,1,43.84,0,38.14,2,73.45,1,56.22,0,1
54.98,1,50.55,2,56.42,0,83.64,2,59.61,0,47.04,1,45.14,2,69.62,1,0
50.49,0,67.73,1,50.24,0,49.95,0,64.39,2,61.54,2,68.61,0,39.67,1,0
63.73,0,79.77,1,38.22,0,60.1,1,60.41,0,34.12,0,45.64,1,62.81,1,1
25.11,1,70.91,0,56.03,2,55.07,0,55.57,2,72.24,2,52.19,2,53.22,1,0
43.82,2,37.72,0,75.3,2,37.31,2,37.49,2,66.2,2,43.3,0,39.53,0,1
44.54,1,56.76,2,48.96,2,62.41,0,35.29,1,49.0,0,57.95,0,58.89,1,0
54.27,2,62.32,1,27.47,0,39.79,2,59.12,2,49.1,2,72.47,1,46.3,0,0
34.95,0,58.87,1,40.72,0,52.4,2,47.9,2,36.83,2,39.88,2,50.01,0,1
38.55,1,31.01,0,59.63,1,49.1,1,94.17,1,52.03,1,47.54,0,61.8,0,0
38.41,0,28.59,1,69.45,0,55.14,0,75.11,0,41.68,1,46.28,2,59.47,1,0
25.13,0,22.35,0,47.62,1,25.99,0,50.43,2,79.54,0,41.6,2,20.87,0,1
47.27,1,67.56,1,50.47,0,23.54,2,65.96,2,53.33,0,46.66,2,58.48,1,1
41.07,1,24.66,1,30.74,0,69.95,0,59.16,1,51.85,1,51.64,1,43.36,0,1
57.48,2,67.71,1,74.22,0,57.27,1,35.36,1,47.16,0,38.49,1,63.87,1,1
25.56,0,29.05,2,59.95,1,53.07,2,25.11,2,52.44,2,56.27,1,12.59,1,1
58.32,0,49.92,1,48.78,0,50.96,2,62.03,2,54.61,0,26.75,0,59.73,0,1
16.23,1,55.83,1,51.1,2,38.78,1,42.9,1,50.78,2,46.15,2,30.35,0,0
79.49,1,56.09,0,49.46,0,72.43,2,46.57,0,38.46,1,41.82,0,44.91,1,1
38.78,2,34.35,0,22.04,2,50.8,1,77.99,1,67.19,2,42.71,0,68.19,1,0
20.59,2,56.47,2,55.14,2,56.26,2,28.46,2,50.32,0,57.47,2,75.08,1,1
64.86,0,48.99,0,54.59,0,35.48,1,61.18,0,57.74,2,38.93,1,45.13,1,1
32.5,2,34.79,2,59.72,0,69.31,0,86.02,1,49.73,0,57.12,0,56.28,0,1
59.53,0,38.87,1,71.33,2,32.47,0,54.84,1,46.6,1,57.24,1,59.33,1,1
19.69,2,51.02,2,48.86,1,58.5,0,52.1,2,35.0,1,38.38,1,37.68,1,0
58.16,1,62.92,0,48.74,1,51.07,2,73.01,1,39.39,0,60.55,1,30.96,0,1
76.9,1,75.86,2,32.88,2,73.47,1,61.7,0,45.31,2,33.59,1,38.44,0,0
71.21,1,74.87,1,66.36,0,58.99,1,40.0,2,61.04,2,18.11,1,61.79,1,0
31.83,1,64.45,0,42.59,0,39.62,1,55.12,1,51.71,2,52.35,2,57.56,0,1
58.71,2,38.51,2,21.16,0,37.38,0,57.99,1,71.86,2,43.65,2,60.71,0,1
54.69,2,40.35,1,34.43,2,38.37,1,48.86,2,77.48,1,23.05,0,66.1,0,1
35.76,2,46.99,1,29.26,0,42.75,2,42.83,2,47.14,2,32.3,0,61.04,1,0
54.11,0,61.95,1,53.41,0,58.39,1,49.98,2,51.98,0,40.59,0,77.48,0,0
51.74,0,42.18,0,63.9,0,61.38,1,55.27,2,54.44,2,30.27,0,54.71,1,1
37.22,2,70.58,1,40.25,1,63.88,2,53.56,2,62.54,0,56.69,1,24.23,0,0
45.09,0,46.33,0,35.7,0,97.23,1,68.06,0,56.88,2,57.47,2,61.82,0,0
52.09,0,56.29,2,45.73,1,47.64,0,50.37,0,55.53,2,70.26,0,57.15,0,0
60.04,1,35.27,1,68.66,1,59.88,0,35.21,1,64.23,0,67.7,1,49.41,1,1
37.0,0,50.68,0,59.1,2,46.37,2,47.07,1,32.17,1,45.6,0,60.78,0,1
57.11,2,55.34,1,41.72,0,31.24,1,43.99,2,72.7,0,38.13,0,43.15,0,1
55.48,0,54.66,0,56.13,0,25.65,2,45.17,2,18.75,2,55.35,0,41.43,0,1
75.75,1,55.01,1,36.58,0,66.46,1,19.84,1,54.79,1,37.82,0,59.3,1,1
58.67,0,59.15,2,34.55,1,76.1,0,42.28,2,52.19,0,21.26,0,57.43,0,1
55.6,0,38.35,0,36.44,0,50.92,2,78.78,2,47.81,1,61.53,2,40.85,1,1
52.54,0,60.12,0,45.04,2,33.17,1,49.87,2,57.13,1,17.35,1,29.08,1,0
57.6,0,51.69,2,47.34,2,55.73,0,57.27,1,62.08,2,38.95,1,58.58,0,0
76.28,2,44.52,1,51.5,2,73.34,1,36.13,0,31.5,0,61.88,1,49.04,0,0
54.17,1,44.31,0,54.53,2,42.81,0,82.59,0,47.67,1,61.27,1,44.32,0,0
39.27,0,30.61,1,36.84,0,53.45,0,53.21,1,33.76,2,36.1,0,41.5,0,0
55.61,1,61.67,2,42.12,2,50.93,0,70.97,2,80.0,0,27.86,1,65.77,1,0
33.38,0,36.96,1,35.65,1,35.35,2,66.2,0,47.0,0,40.45,2,46.81,1,1
64.5,1,27.7,1,49.51,1,63.94,0,53.22,0,43.8,1,54.91,1,74.45,0,1
50.17,2,36.22,1,41.19,1,52.19,1,73.81,0,35.36,1,51.17,2,75.17,0,0
74.52,2,47.94,0,45.49,2,52.35,2,66.02,0,87.11,0,41.72,1,57.89,0,0
42.9,2,52.24,2,-1.3,2,53.91,2,22.59,2,52.4,0,56.7,0,63.59,1,1
56.11,0,56.42,0,61.55,1,39.74,2,27.62,1,56.58,1,55.02,0,34.03,1,0
64.94,1,55.78,2,46.39,0,44.43,1,59.69,0,73.76,1,47.72,0,61.89,1,1
26.21,0,47.26,0,24.4,0,72.28,1,43.12,1,72.14,1,48.92,0,48.33,1,0
45.59,0,58.68,1,66.06,2,50.48,2,30.35,2,35.12,0,81.94,1,46.26,0,0
65.0,2,39.07,2,63.1,0,32.23,2,38.01,2,44.67,0,50.59,0,41.76,0,1
41.6,1,72.86,0,57.21,1,41.51,0,55.96,1,24.2,1,70.77,2,44.83,0,1
71.42,2,47.24,2,22.8,0,55.1,2,82.21,2,82.12,1,32.93,1,39.04,0,0
49.41,2,64.08,2,72.17,2,64.17,2,63.0,1,64.66,2,36.05,1,55.05,1,1
33.76,1,41.28,1,51.7,0,61.64,1,32.13,1,51.94,2,48.0,0,102.59,1,0
58.21,0,52.35,1,62.93,0,74.36,0,52.54,2,43.26,1,44.1,1,36.19,1,1
49.74,1,35.04,2,43.96,1,63.36,1,44.97,2,43.51,1,34.46,2,52.73,0,1
79.65,1,59.13,1,52.07,1,33.74,0,34.63,2,39.12,0,32.99,0,56.96,0,1
60.64,0,106.66,1,47.34,0,49.41,0,31.73,0,31.01,0,77.15,1,50.28,1,0
62.71,0,51.39,0,62.94,0,28.47,0,28.44,2,17.53,0,60.73,1,33.38,1,1
38.29,2,76.28,1,39.35,1,65.22,1,71.21,1,33.75,2,58.95,1,61.27,0,1
43.74,2,37.97,1,37.35,0,73.81,1,50.42,0,81.68,2,20.42,2,38.34,1,0
33.93,1,73.9,1,15.84,1,81.51,0,65.5,2,72.79,2,44.11,2,55.3,1,1
26.31,2,30.75,1,29.47,1,67.85,1,46.52,1,39.63,0,66.19,0,17.61,0,1
57.98,1,39.5,1,42.42,2,38.51,2,35.34,2,52.11,1,63.0,0,37.75,1,1
69.23,0,52.44,0,57.43,0,32.63,2,52.38,2,57.95,1,35.64,1,46.07,0,0
58.64,2,34.79,0,69.91,0,65.44,1,60.91,2,66.63,1,48.39,2,54.62,1,1
38.53,0,55.65,0,48.91,0,45.08,2,56.56,2,51.27,2,36.67,2,44.97,0,1
38.21,2,62.24,0,42.02,2,59.51,1,84.14,0,52.53,0,53.24,0,73.23,1,1
51.03,1,55.28,2,26.07,1,63.95,1,55.89,1,62.22,2,45.62,0,30.98,0,0
46.96,1,19.78,0,54.63,2,54.38,0,39.48,1,64.65,2,62.22,1,65.13,1,1
37.78,2,57.18,2,57.39,2,65.13,0,46.77,0,41.97,2,55.73,2,50.77,1,0
55.76,2,70.53,2,55.72,1,13.04,2,46.35,0,60.26,0,41.1,0,44.51,1,0
27.63,2,55.79,2,55.17,2,42.49,0,36.29,2,45.3,0,64.17,2,64.57,0,0
24.86,1,56.06,2,55.6,0,52.9,0,47.0,0,51.82,1,69.34,1,36.8,1,1
33.81,0,54.98,0,56.34,1,46.15,2,53.67,1,61.6,2,36.28,2,59.27,1,0
49.66,1,58.44,2,49.09,2,39.89,2,32.76,0,40.58,2,50.55,2,50.38,0,1
65.32,0,54.2,2,46.7,2,43.33,2,67.65,2,46.46,0,42.02,2,36.3,0,0
49.61,0,62.45,0,2.69,0,36.04,1,46.06,1,40.46,2,36.96,2,55.47,0,1
33.79,1,40.78,2,58.52,2,49.56,0,50.31,0,58.41,1,37.5,2,58.06,1,1
43.76,2,63.75,0,51.95,2,63.32,1,78.79,0,31.93,1,36.73,2,55.37,1,1
53.07,2,57.01,0,59.64,1,33.16,0,43.22,1,56.18,1,29.71,0,54.88,0,0
40.43,0,51.4,1,50.43,0,51.08,1,47.98,1,45.87,1,38.04,0,51.49,0,1
47.48,0,54.95,2,31.97,1,27.79,0,86.39,2,87.84,0,55.54,1,53.45,0,0
65.14,2,53.22,1,65.64,1,55.59,0,52.51,2,56.45,0,51.35,2,37.27,1,1
60.42,0,47.55,2,66.01,1,69.99,1,50.92,0,53.32,0,30.06,0,63.32,0,0
38.97,2,67.97,0,46.21,2,69.42,1,46.75,0,53.22,1,68.49,0,54.28,1,1
63.21,1,65.11,1,23.76,1,38.82,0,25.68,2,39.1,0,38.92,1,66.64,1,0
62.5,2,3.31,2,23.94,1,33.07,0,25.82,2,53.39,1,54.89,2,26.04,1,1
13.6,1,47.1,0,35.44,1,68.05,2,71.97,0,71.04,2,99.9,1,48.83,1,1
27.34,2,45.2,0,58.09,2,45.74,2,44.66,0,40.58,1,59.56,2,61.86,0,0
36.31,1,43.19,2,45.74,0,32.57,0,40.37,1,42.83,0,44.12,0,49.61,1,1
58.38,2,70.91,1,55.33,2,41.68,2,73.44,0,62.35,1,57.4,2,69.05,1,1
56.78,1,43.27,2,54.56,0,72.43,2,44.11,1,63.84,1,53.27,1,34.41,0,0
63.12,0,54.16,2,36.79,0,15.04,2,59.96,1,50.67,1,29.66,1,33.77,0,1
51.97,2,63.16,0,32.32,0,49.7,1,69.12,2,37.74,1,23.2,1,65.04,1,0
48.65,0,40.31,2,32.15,0,45.97,0,7.01,0,73.15,1,57.63,0,40.11,0,1
38.69,0,56.11,2,50.27,0,41.07,1,62.31,1,47.38,2,53.27,1,48.61,1,0
37.5,1,71.05,2,43.81,0,65.17,0,47.48,0,75.23,1,49.52,0,53.8,1,0
74.47,1,48.05,1,36.81,1,39.5,1,37.92,2,29.3,2,40.47,2,55.03,0,1
24.92,0,50.6,0,42.2,1,53.12,2,35.3,0,53.33,2,33.47,1,49.93,1,1
62.6,1,28.44,1,43.32,2,33.55,2,69.01,2,64.64,1,56.63,2,74.45,0,0
54.86,2,39.44,0,38.27,1,35.77,2,35.68,0,40.7,1,57.11,2,45.63,0,0
37.51,0,43.86,0,50.46,2,60.12,1,72.05,1,34.26,0,71.67,1,54.57,0,0
45.33,0,31.23,2,49.57,0,19.73,0,31.5,1,49.67,1,54.97,2,30.53,0,0
40.64,1,41.67,1,49.36,1,39.59,2,36.39,1,72.32,0,53.83,2,75.53,0,0
57.46,1,50.65,2,60.85,0,42.72,0,40.66,2,66.85,0,39.0,1,73.91,0,0
71.89,0,62.09,0,41.87,1,50.27,2,57.37,0,58.95,0,38.77,1,83.44,1,0
74.27,1,67.28,0,32.66,1,42.49,2,57.31,0,54.64,2,32.62,0,53.97,0,0
61.31,0,37.57,2,50.45,0,35.57,0,36.41,2,44.18,1,45.15,2,63.54,0,1
49.31,1,61.73,1,60.02,2,68.23,1,40.81,1,69.47,0,50.17,1,51.02,1,1
52.74,2,54.41,0,56.58,0,59.22,2,38.52,2,31.09,2,50.5,0,42.75,1,0
60.74,1,49.78,2,63.95,1,62.33,0,49.42,2,55.74,0,30.92,0,18.99,1,1
63.16,1,58.22,2,50.87,2,61.7,2,84.83,1,39.07,0,67.35,0,43.67,0,0
44.36,2,59.0,0,58.42,0,36.37,2,28.69,1,37.7,0,34.59,1,63.62,1,0
42.8,1,48.52,1,60.45,0,66.1,2,17.97,1,47.48,1,41.98,1,54.07,1,0
28.4,1,53.5,0,45.1,2,46.9,1,65.98,2,39.87,0,42.93,0,66.37,0,1
41.56,1,43.59,0,48.0,2,77.88,2,27.6,1,49.43,2,75.54,1,50.92,0,0
71.23,2,48.7,0,55.0,0,46.45,1,67.9,2,57.86,0,63.01,0,43.78,0,0
70.59,1,44.84,0,55.56,2,13.1,0,56.14,1,38.71,2,40.93,2,73.17,1,1
55.65,0,75.5,1,65.53,0,24.46,2,66.17,1,48.12,2,60.35,2,62.02,0,0
50.74,2,55.5,1,35.61,2,34.3,1,36.41,2,60.37,0,55.33,1,43.31,1,1
26.79,2,64.76,2,66.64,0,73.91,2,31.19,1,56.48,1,35.94,1,58.5,1,0
90.32,0,52.4,1,27.16,1,43.58,1,49.34,0,54.42,2,45.11,0,48.92,1,1
52.0,2,73.96,0,57.16,0,35.87,1,72.49,1,58.63,2,48.77,1,57.5,0,1
15.52,1,48.0,1,49.45,2,48.1,2,56.37,1,72.64,1,44.84,0,38.98,1,1
69.5,2,39.3,2,63.67,1,41.25,1,25.42,0,73.4,1,42.01,1,58.97,0,1
44.73,1,26.86,1,40.35,2,57.34,1,45.28,2,49.55,2,60.96,1,71.87,0,0
27.86,1,51.89,1,41.39,0,64.96,1,39.99,2,50.22,1,61.31,0,31.87,1,1
55.97,0,59.43,0,40.72,1,50.1,0,42.39,2,52.66,1,59.33,2,53.99,1,1
56.83,0,54.5,2,35.58,0,48.49,0,29.6,1,54.89,0,67.57,1,57.78,0,1
41.63,0,46.64,1,57.15,0,55.2,0,40.37,1,55.6,1,57.15,1,50.81,0,1
60.37,1,19.54,0,50.31,1,59.66,1,51.82,1,79.75,1,78.89,0,52.91,0,1
77.84,2,40.34,0,42.02,1,24.34,2,45.27,1,41.93,1,51.98,1,24.01,1,0
58.73,1,13.95,1,46.83,1,49.23,1,39.77,1,34.78,0,56.57,0,65.79,0,0
37.9,0,34.38,1,31.3,0,39.53,1,93.81,1,74.56,1,22.73,1,52.92,0,1
45.69,0,47.2,2,48.24,1,60.02,2,57.18,0,41.11,1,49.51,2,29.6,1,1
19.03,2,40.91,0,40.92,2,60.05,2,43.05,1,70.49,2,33.47,1,13.38,1,1
67.64,1,76.19,1,49.7,0,33.74,2,48.59,0,66.1,1,58.2,1,52.93,0,0
57.8,0,47.42,2,64.33,1,49.24,1,40.09,1,39.74,1,67.4,0,50.34,1,0
53.05,0,64.32,0,36.08,2,73.33,0,65.89,1,30.59,1,29.49,0,35.29,0,0
